"SED_name","SED_state","dwellings","capacity","density","instals_Residential","instals_Commercial","instals_Power_Station","capacity_Residential","capacity_Commercial","capacity_Power_Station"
"Adelaide","SA","13227","54464","37.5","4963","647","7","25711","18653","10100"
"Albany (South West)","WA","19292","25254","24.7","4763","144","1","20258","4796","200"
"Albert Park (Southern Metropolitan)","VIC","14081","17777","11.3","1591","218","9","7145","8468","2164"
"Albury","NSW","40484","171103","40.1","16221","944","12","88742","27231","55130"
"Algester","QLD","23552","102863","61.9","14590","592","12","77108","17030","8725"
"Altona (Western Metropolitan)","VIC","38820","68491","29.2","11349","273","3","55564","10778","2149"
"Arafura","NT","1497","5968","13.0","194","36","5","1349","1356","3263"
"Araluen","NT","4663","11597","33.5","1561","86","1","7882","3438","277"
"Armadale (East Metropolitan)","WA","23400","68055","54.9","12839","180","1","62465","5350","240"
"Arnhem","NT","2526","12828","6.8","172","57","6","1160","2170","9498"
"Aspley","QLD","21490","60548","47.3","10166","303","3","50933","8337","1278"
"Auburn","NSW","21779","48908","23.6","5136","477","10","27492","18290","3126"
"Badcoe","SA","13720","45239","45.3","6219","369","5","30954","10706","3579"
"Balcatta (North Metropolitan)","WA","19245","42827","32.2","6196","361","2","29629","12593","605"
"Baldivis (South Metropolitan)","WA","25992","81240","62.6","16264","141","1","77088","3985","167"
"Ballina","NSW","36833","127571","56.1","20662","950","5","103616","22797","1158"
"Balmain","NSW","22674","20278","14.4","3261","142","1","15606","4522","150"
"Bancroft","QLD","24387","78746","52.3","12757","370","9","65213","9594","3939"
"Bankstown","NSW","21474","40222","24.3","5226","323","3","28626","9790","1806"
"Barkly","NT","4505","6688","11.1","499","82","2","3085","2872","731"
"Barron River","QLD","22451","82063","49.1","11017","595","1","67023","14634","406"
"Barwon","NSW","36258","419375","57.8","20946","1387","9","97527","32339","289509"
"Bass (Eastern Victoria)","VIC","53949","115971","32.5","17525","588","9","94554","18047","3370"
"Bass (Launceston)","TAS","13931","18503","19.9","2779","115","0","14063","4440","0"
"Bass (McIntyre)","TAS","4826","8013","22.0","1060","40","1","4742","1271","2000"
"Bass (Rosevears)","TAS","11199","16861","23.5","2636","84","3","13335","2879","647"
"Bass (Windermere)","TAS","17385","32141","21.4","3728","139","2","18462","4861","8818"
"Bassendean (East Metropolitan)","WA","16765","38671","44.1","7396","130","3","33198","5034","439"
"Bateman (South Metropolitan)","WA","14447","38405","46.4","6710","172","2","32838","5274","293"
"Bathurst","NSW","36055","106011","33.8","12173","755","12","69730","19677","16604"
"Baulkham Hills","NSW","26905","76256","39.4","10589","476","5","64018","10578","1660"
"Bayswater (Eastern Metropolitan)","VIC","26543","47858","25.0","6644","386","9","31879","13571","2408"
"Bega","NSW","41499","91251","38.4","15922","474","3","77353","13214","684"
"Bellarine (Western Victoria)","VIC","39256","70607","29.8","11714","315","3","58432","8928","3247"
"Belmont (East Metropolitan)","WA","20352","45523","35.6","7241","260","5","34168","9972","1383"
"Benambra (Northern Victoria)","VIC","30990","93499","43.4","13456","603","10","70691","17286","5522"
"Bendigo East (Northern Victoria)","VIC","30191","82126","34.7","10474","437","10","51986","13529","16611"
"Bendigo West (Northern Victoria)","VIC","30311","64209","35.7","10810","370","7","50026","11208","2975"
"Bentleigh (Southern Metropolitan)","VIC","22437","31191","21.2","4765","195","3","24348","6083","760"
"Bicton (South Metropolitan)","WA","15937","31571","36.8","5865","117","0","27868","3703","0"
"Black","SA","14900","53066","62.0","9239","358","0","43400","9666","0"
"Blacktown","NSW","31184","72932","35.8","11151","401","5","56676","14144","2112"
"Blain","NT","3732","10687","42.5","1587","25","0","9568","1119","0"
"Blue Mountains","NSW","32531","67670","35.8","11636","382","1","58523","8998","149"
"Bonney","QLD","16646","50979","44.9","7469","414","4","37320","12031","1628"
"Box Hill (Eastern Metropolitan)","VIC","25688","29728","20.1","5160","143","0","25404","4324","0"
"Braddon (Mersey)","TAS","14548","17474","18.6","2700","100","2","13473","3231","770"
"Braddon (Montgomery)","TAS","15507","18739","19.9","3084","99","0","15747","2992","0"
"Braddon (Murchison)","TAS","19479","23107","17.4","3389","154","4","17663","4780","664"
"Bragg","SA","14246","50717","48.5","6915","595","1","38679","11881","157"
"Braitling","NT","4427","10543","30.4","1347","71","2","6917","2826","800"
"Brennan","NT","3425","10470","44.5","1523","17","1","9272","790","408"
"Brighton (Southern Metropolitan)","VIC","19159","23663","19.2","3685","186","0","19328","4335","0"
"Brindabella","ACT","27043","106771","41.0","11076","279","4","68105","6705","31961"
"Broadmeadows (Northern Metropolitan)","VIC","27564","65033","24.5","6765","563","17","35530","20966","8537"
"Broadwater","QLD","19523","69890","52.8","10316","630","3","54881","12978","2031"
"Brunswick (Northern Metropolitan)","VIC","23802","26374","17.9","4258","212","4","18611","6415","1348"
"Buderim","QLD","18203","71021","64.9","11822","410","4","57651","10055","3315"
"Bulimba","QLD","19621","62227","41.4","8113","515","6","45659","13960","2608"
"Bulleen (Eastern Metropolitan)","VIC","24970","32923","21.7","5429","171","2","28135","4290","498"
"Bunbury (South West)","WA","19086","40037","39.8","7593","183","0","34300","5737","0"
"Bundaberg","QLD","21300","74962","58.3","12424","431","6","59932","12032","2998"
"Bundamba","QLD","28040","81742","45.7","12815","310","7","69284","8820","3638"
"Bundoora (Northern Metropolitan)","VIC","23138","33372","24.2","5590","130","5","26179","4100","3093"
"Buninyong (Western Victoria)","VIC","29264","58601","29.7","8703","394","5","45508","11202","1891"
"Burdekin","QLD","27749","986071","33.4","9262","945","16","52314","27722","906035"
"Burleigh","QLD","16418","56484","52.9","8686","396","3","44285","9786","2413"
"Burnett","QLD","24055","152650","55.5","13353","427","4","65525","11166","75959"
"Burns Beach (North Metropolitan)","WA","17531","52439","60.4","10581","74","2","49629","2255","555"
"Burwood (Southern Metropolitan)","VIC","24175","30424","20.9","5051","150","2","24908","4471","1045"
"Butler (North Metropolitan)","WA","27645","79870","57.9","15999","97","3","75986","3272","612"
"Cabramatta","NSW","23763","51105","33.1","7865","321","2","41820","8890","395"
"Cairns","QLD","18550","72387","44.2","8205","688","8","47453","19629","5305"
"Callide","QLD","24759","1573158","39.5","9789","556","12","48817","16023","1508318"
"Caloundra","QLD","21075","83898","67.5","14230","411","6","71453","10240","2205"
"Camden","NSW","49568","169694","39.2","19453","1268","13","133527","29565","6602"
"Campbelltown","NSW","28881","70009","37.5","10820","352","3","59256","8615","2138"
"Cannington (South Metropolitan)","WA","19672","47308","45.9","9030","121","8","39438","4545","3325"
"Canterbury","NSW","21529","30402","20.4","4401","195","4","23828","5276","1298"
"Capalaba","QLD","19731","64496","62.3","12295","299","3","56645","6979","872"
"Carine (North Metropolitan)","WA","15455","38911","50.5","7806","57","0","37340","1571","0"
"Carrum (South-Eastern Metropolitan)","VIC","31263","59840","29.7","9275","335","8","43942","11768","4130"
"Castle Hill","NSW","30921","114325","44.7","13809","991","5","90433","21916","1976"
"Casuarina","NT","3072","10043","37.8","1160","32","3","6761","1543","1739"
"Caulfield (Southern Metropolitan)","VIC","19449","21246","16.2","3155","158","2","17008","3810","428"
"Central Wheatbelt (Agricultural)","WA","19692","191333","40.1","7888","350","6","36750","8798","145785"
"Cessnock","NSW","35658","106232","39.6","14129","614","9","83878","15365","6989"
"Chaffey","SA","18547","130086","49.6","9193","773","71","48353","20939","60794"
"Charlestown","NSW","29793","60967","30.9","9203","303","4","50252","8424","2291"
"Chatsworth","QLD","18536","61163","52.2","9668","452","0","50865","10298","0"
"Cheltenham","SA","16741","52098","41.8","6989","466","5","35829","15226","1043"
"Churchlands (North Metropolitan)","WA","13977","31935","37.6","5262","112","5","27272","3046","1617"
"Clarence","NSW","35347","106730","49.6","17529","643","4","88516","17114","1100"
"Clarinda (South-Eastern Metropolitan)","VIC","27292","44783","21.1","5770","335","7","28400","12553","3830"
"Clayfield","QLD","13713","61110","40.2","5517","610","10","31756","21362","7992"
"Cockburn (South Metropolitan)","WA","18846","56369","53.8","10138","194","3","48498","6653","1218"
"Coffs Harbour","NSW","31908","94033","46.4","14793","520","9","74620","15651","3762"
"Collie-Preston (South West)","WA","19254","52716","53.7","10348","223","1","46360","6126","230"
"Colton","SA","14349","46336","50.4","7233","323","3","37792","6807","1737"
"Condamine","QLD","22030","339151","47.2","10392","703","5","53740","16995","268416"
"Coogee","NSW","13539","20614","21.6","2931","137","0","16907","3707","0"
"Cook","QLD","22619","74174","26.6","6022","754","7","33594","19742","20838"
"Coomera","QLD","32174","119149","48.3","15535","745","15","91953","18052","9144"
"Cooper","QLD","16931","53925","47.5","8038","371","2","43996","8878","1051"
"Cootamundra","NSW","35007","692612","38.4","13442","945","14","74262","23669","594681"
"Cottesloe (North Metropolitan)","WA","13911","33173","37.3","5188","192","5","27259","4371","1543"
"Cranbourne (South-Eastern Metropolitan)","VIC","52438","131342","41.9","21958","313","2","120960","9845","537"
"Cronulla","NSW","22053","44476","25.1","5546","335","3","34738","8541","1197"
"Croydon","SA","15356","54924","42.9","6592","467","10","32975","15960","5989"
"Croydon (Eastern Metropolitan)","VIC","24857","36646","24.8","6163","175","4","29878","5318","1450"
"Currumbin","QLD","15114","51577","55.4","8369","385","2","41668","9023","886"
"Daly","NT","5228","35912","16.7","875","103","3","5864","3977","26071"
"Dandenong (South-Eastern Metropolitan)","VIC","26371","70237","24.2","6371","660","23","31088","29055","10094"
"Darling Range (East Metropolitan)","WA","20792","73009","62.3","12951","280","1","65294","7515","200"
"Davenport","SA","13198","42996","59.5","7849","152","2","36752","3351","2893"
"Davidson","NSW","23326","56838","30.7","7152","422","1","46927","9674","237"
"Dawesville (South West)","WA","22934","57934","54.9","12589","127","0","54243","3691","0"
"Denison (Derwent)","TAS","5817","5862","21.4","1243","8","0","5593","269","0"
"Denison (Elwick)","TAS","14252","12902","16.5","2352","73","0","10483","2419","0"
"Denison (Hobart)","TAS","12874","15478","20.2","2602","122","0","11788","3690","0"
"Denison (Nelson)","TAS","8724","10218","21.3","1859","53","0","9112","1106","0"
"Drummoyne","NSW","16950","27674","21.3","3617","189","2","21741","5334","599"
"Drysdale","NT","2610","9568","37.6","981","29","5","5757","1232","2579"
"Dubbo","NSW","34522","1076357","49.5","17100","1066","17","83869","26502","965986"
"Dunstan","SA","14445","47239","43.0","6205","601","3","32620","14027","592"
"East Hills","NSW","27460","56594","25.6","7035","464","6","40447","14442","1705"
"Eildon (Northern Victoria)","VIC","31782","83100","34.1","10839","671","4","55183","17509","10408"
"Elder","SA","14537","49308","50.7","7376","358","3","37680","8859","2769"
"Elizabeth","SA","18002","55972","46.6","8380","210","7","41275","6580","8117"
"Eltham (Eastern Metropolitan)","VIC","22133","33676","25.6","5657","150","3","29221","3997","458"
"Enfield","SA","18710","53363","45.4","8494","320","5","42606","8482","2275"
"Epping","NSW","23729","52955","33.4","7933","295","0","46650","6305","0"
"Essendon (Western Metropolitan)","VIC","20761","22840","18.2","3786","155","1","18269","4329","242"
"Euroa (Northern Victoria)","VIC","35818","526648","38.8","13891","680","15","69167","19452","438029"
"Evelyn (Eastern Victoria)","VIC","23978","44926","29.1","6973","328","1","34921","9605","400"
"Everton","QLD","19448","64374","54.7","10639","305","4","55995","7310","1069"
"Fairfield","NSW","24679","53525","27.2","6710","463","5","34840","16670","2015"
"Fannie Bay","NT","2571","8056","29.2","750","74","0","4741","3315","0"
"Ferntree Gully (Eastern Metropolitan)","VIC","23123","42733","30.3","7017","179","4","34581","5529","2623"
"Ferny Grove","QLD","18408","54709","51.6","9492","234","3","48553","5443","713"
"Finniss","SA","21308","65076","58.5","12475","393","2","54898","9766","412"
"Flinders","SA","17164","53838","44.0","7560","435","7","38114","11101","4623"
"Florey","SA","15546","44998","56.8","8828","166","1","40014","4811","173"
"Fong Lim","NT","1778","6578","26.0","462","63","2","3047","2802","729"
"Footscray (Western Metropolitan)","VIC","28752","38333","18.7","5381","355","5","23783","12792","1758"
"Forest Hill (Eastern Metropolitan)","VIC","23252","36035","27.0","6289","134","2","30096","4728","1211"
"Forrestfield (East Metropolitan)","WA","17289","45720","52.0","8994","135","4","38877","5195","1648"
"Franklin (Huon)","TAS","17498","26736","28.0","4901","114","0","23206","3530","0"
"Franklin (Nelson)","TAS","6827","8477","22.4","1527","22","2","7528","670","279"
"Franklin (Pembroke)","TAS","14559","16626","20.2","2945","60","1","14560","1786","280"
"Franklin (Rumney)","TAS","14011","22145","26.0","3637","103","2","18673","2871","601"
"Frankston (South-Eastern Metropolitan)","VIC","26664","37069","23.0","6126","142","6","28803","4368","3898"
"Fremantle (South Metropolitan)","WA","18801","40538","39.4","7398","207","4","32437","7173","928"
"Frome","SA","15333","72183","50.0","7672","425","8","37721","11290","23172"
"Gaven","QLD","17756","66869","59.1","10494","450","9","54579","9899","2391"
"Geelong (Western Victoria)","VIC","29619","43668","23.1","6847","323","2","31382","11437","849"
"Gembrook (Eastern Victoria)","VIC","35102","74803","33.4","11727","346","5","63859","9626","1318"
"Geraldton (Agricultural)","WA","17158","38515","39.7","6808","175","3","31229","5418","1868"
"Gibson","SA","17351","44083","44.1","7652","212","5","37266","5129","1688"
"Giles","SA","17623","195754","37.0","6520","337","6","32107","9420","154227"
"Ginninderra","ACT","29999","75614","37.8","11330","268","3","67762","6181","1671"
"Gippsland East (Eastern Victoria)","VIC","33934","77184","35.9","12197","537","5","58996","16510","1678"
"Gippsland South (Eastern Victoria)","VIC","34583","72562","32.6","11281","629","5","53099","17889","1574"
"Girrawheen (North Metropolitan)","WA","17139","50858","56.2","9636","169","5","44121","5768","969"
"Gladstone","QLD","20247","64275","50.0","10120","341","2","54142","9049","1084"
"Glass House","QLD","21813","95802","70.6","15403","745","0","80081","15721","0"
"Gosford","NSW","31699","64926","28.3","8958","409","10","48197","11890","4839"
"Goulburn","NSW","39358","112883","37.1","14612","978","4","86192","22884","3807"
"Goyder","NT","4544","25248","31.7","1442","82","1","10115","2628","12505"
"Granville","NSW","22178","42544","24.2","5365","327","4","30356","9753","2435"
"Greenslopes","QLD","15715","42769","42.8","6728","279","0","36112","6657","0"
"Gregory","QLD","20741","325098","30.2","6261","697","11","36680","18376","270042"
"Gympie","QLD","25258","310586","63.9","16138","620","4","80085","14726","215775"
"Hammond","SA","20786","430470","52.6","10938","563","21","54450","15222","360798"
"Hartley","SA","15742","47858","48.6","7653","348","1","39982","7702","174"
"Hastings (Eastern Victoria)","VIC","28986","59690","33.1","9598","364","5","48247","9489","1954"
"Hawkesbury","NSW","33019","119977","36.4","12009","1582","6","80372","37064","2541"
"Hawthorn (Southern Metropolitan)","VIC","17080","21194","18.3","3127","165","1","16409","4436","349"
"Heathcote","NSW","23675","55443","34.4","8142","277","3","48423","6289","731"
"Heffron","NSW","14795","29804","17.8","2639","288","10","14438","11718","3648"
"Hervey Bay","QLD","26248","89031","61.2","16060","352","6","77318","9312","2401"
"Heysen","SA","14841","63403","58.6","8698","736","2","47429","15546","428"
"Hill","QLD","27747","73822","33.4","9281","890","2","50924","22566","332"
"Hillarys (North Metropolitan)","WA","15271","38524","52.9","8084","47","1","36986","1263","275"
"Hinchinbrook","QLD","22926","84495","52.6","12065","513","6","69403","13285","1807"
"Holsworthy","NSW","28047","84290","35.7","10009","494","19","55785","17157","11348"
"Hornsby","NSW","24339","59938","31.8","7728","486","4","45927","11982","2029"
"Hurtle Vale","SA","15246","40830","54.6","8318","117","2","37067","3413","350"
"Inala","QLD","23438","66603","45.0","10557","247","9","50672","8956","6975"
"Ipswich","QLD","20286","58530","49.7","10081","273","5","49430","7272","1828"
"Ipswich West","QLD","20890","69767","55.6","11619","367","2","59000","8527","2240"
"Ivanhoe (Eastern Metropolitan)","VIC","25807","32396","20.1","5186","210","5","25196","5853","1347"
"Jandakot (South Metropolitan)","WA","19305","63477","61.5","11875","160","5","56023","5338","2116"
"Johnston","NT","2724","7364","37.8","1029","29","0","5996","1368","0"
"Joondalup (North Metropolitan)","WA","15159","42820","56.8","8611","95","1","39417","3028","375"
"Jordan","QLD","24375","104478","61.6","15014","644","9","86333","14485","3660"
"Kalamunda (East Metropolitan)","WA","14420","43782","56.4","8130","178","2","38196","4466","1120"
"Kalgoorlie (Mining and Pastoral)","WA","16482","66239","22.8","3757","182","15","18465","6103","41671"
"Karama","NT","2739","6668","34.8","953","20","1","5539","914","215"
"Katherine","NT","4167","42999","21.7","903","88","2","5231","3737","34031"
"Kaurna","SA","16289","53706","59.6","9708","210","2","48087","5350","269"
"Kavel","SA","17010","74081","55.8","9486","698","8","53644","17616","2821"
"Kawana","QLD","22158","80886","63.3","14018","456","2","68287","11675","924"
"Keira","NSW","29250","59078","31.0","9070","302","2","49850","8778","450"
"Keppel","QLD","22763","66056","49.2","11205","300","5","56955","7588","1513"
"Kew (Southern Metropolitan)","VIC","21344","28060","19.0","4046","188","2","21935","5017","1108"
"Keysborough (South-Eastern Metropolitan)","VIC","25771","53368","31.5","8108","221","12","40704","8779","3885"
"Kiama","NSW","34896","95878","38.6","13479","544","8","75644","14759","5475"
"Kimberley (Mining and Pastoral)","WA","18199","22871","6.5","1179","445","4","7326","14005","1540"
"King","SA","15050","46559","55.3","8324","224","1","39855","5703","1001"
"Kingsley (North Metropolitan)","WA","14434","39251","60.8","8779","35","1","38197","868","186"
"Kogarah","NSW","18759","29370","22.3","4190","197","2","23419","5398","553"
"Kororoit (Western Metropolitan)","VIC","29496","66889","35.0","10335","227","16","50598","8358","7933"
"Ku-ring-gai","NSW","20434","44646","26.6","5440","341","7","35310","7821","1515"
"Kurrajong","ACT","24615","76372","27.8","6837","767","16","40985","28116","7271"
"Kurwongbah","QLD","22459","88436","64.1","14387","458","4","74597","12469","1370"
"Kwinana (South Metropolitan)","WA","19142","59398","56.6","10838","187","9","50437","6743","2218"
"Lake Macquarie","NSW","34250","88037","40.3","13807","437","4","75910","11400","727"
"Lakemba","NSW","21736","41010","22.4","4872","309","5","27038","10007","3965"
"Lane Cove","NSW","19308","41469","25.4","4911","323","7","30128","9135","2206"
"Lara (Western Victoria)","VIC","29806","49072","26.3","7825","294","6","36161","10348","2563"
"Lee","SA","15787","43217","46.9","7401","263","2","36454","6412","351"
"Light","SA","17587","64670","55.3","9732","388","5","53217","8908","2545"
"Lismore","NSW","34209","111829","55.3","18906","759","2","92837","18206","786"
"Liverpool","NSW","23240","55942","36.2","8416","275","4","47396","7119","1427"
"Lockyer","QLD","21389","97840","66.4","14202","778","2","75191","18921","3728"
"Logan","QLD","24432","107904","64.5","15749","833","3","88921","18102","881"
"Londonderry","NSW","38661","96419","32.1","12420","567","14","73299","16889","6231"
"Lowan (Western Victoria)","VIC","29279","55684","29.0","8480","451","4","41419","13384","881"
"Lyons (Derwent)","TAS","12515","14357","19.3","2411","67","1","11963","2074","320"
"Lyons (Launceston)","TAS","499","1254","28.4","142","8","1","730","277","247"
"Lyons (McIntyre)","TAS","15291","23554","24.0","3668","160","0","17951","5603","0"
"Lyons (Mersey)","TAS","3604","4973","22.7","816","21","0","4246","727","0"
"Lyons (Montgomery)","TAS","2859","4265","23.6","674","27","1","3203","835","227"
"Lyons (Prosser)","TAS","20593","22697","20.4","4195","95","0","20044","2653","0"
"Lyons (Rosevears)","TAS","5277","8782","32.0","1690","32","0","8041","741","0"
"Lyons (Rumney)","TAS","1504","1600","20.0","301","3","0","1539","61","0"
"Lytton","QLD","20844","64749","50.5","10521","351","6","50824","11632","2293"
"Macalister","QLD","25706","95148","52.2","13431","688","5","72136","19874","3138"
"Macedon (Northern Victoria)","VIC","29658","74890","37.7","11186","537","4","58782","13153","2955"
"Mackay","QLD","23407","75779","42.2","9888","490","5","58673","15882","1224"
"Mackillop","SA","18437","61491","39.0","7198","463","5","38545","11750","11196"
"Macquarie Fields","NSW","40186","121169","39.1","15722","755","12","91997","23439","5733"
"Maitland","NSW","35779","115032","40.2","14385","803","6","87591","22529","4912"
"Maiwar","QLD","12053","39842","45.2","5451","341","2","30813","8280","749"
"Malvern (Southern Metropolitan)","VIC","17278","21220","16.1","2776","165","3","14748","4241","2231"
"Mandurah (South West)","WA","22149","58269","55.6","12315","120","7","53131","3456","1682"
"Manly","NSW","17318","36805","28.9","5006","258","0","30526","6279","0"
"Mansfield","QLD","17926","54990","49.6","8900","307","9","44352","7711","2927"
"Maroochydore","QLD","17680","55718","52.0","9201","304","3","44867","8051","2800"
"Maroubra","NSW","19626","36539","23.3","4575","260","2","27105","9010","424"
"Maryborough","QLD","24837","173761","56.6","14064","363","4","68007","9388","96366"
"Mawson","SA","20276","70313","55.5","11244","513","5","53759","12856","3698"
"Maylands (East Metropolitan)","WA","17819","32424","33.0","5881","159","0","27326","5098","0"
"McConnel","QLD","4898","20499","32.5","1591","315","3","8769","10720","1010"
"Melbourne (Northern Metropolitan)","VIC","14393","18584","11.8","1699","229","11","7089","9225","2270"
"Melton (Western Victoria)","VIC","40971","80472","33.1","13572","286","3","71158","7794","1520"
"Mermaid Beach","QLD","17493","55176","48.2","8425","437","2","44329","10398","449"
"Midland (East Metropolitan)","WA","21958","62671","50.2","11026","261","3","53754","7968","949"
"Mildura (Northern Victoria)","VIC","29573","814536","33.1","9789","1159","28","55422","37019","722095"
"Mill Park (Northern Metropolitan)","VIC","26836","49725","30.8","8257","197","5","42145","6619","961"
"Miller","QLD","16579","50719","42.4","7036","313","7","37217","7895","5607"
"Miranda","NSW","24030","46992","27.0","6488","276","2","40104","6198","690"
"Mirani","QLD","21702","66652","45.7","9912","377","1","55575","10931","146"
"Mirrabooka (East Metropolitan)","WA","19197","27954","32.0","6144","40","0","26547","1407","0"
"Moggill","QLD","18459","76325","62.5","11532","601","0","65129","11196","0"
"Monaro","NSW","34116","99426","36.8","12566","900","3","77370","21430","626"
"Monbulk (Eastern Victoria)","VIC","22295","37194","26.9","6006","248","0","30406","6788","0"
"Moore (Agricultural)","WA","21690","87126","44.7","9695","433","6","47320","13762","26044"
"Morayfield","QLD","24873","82598","53.7","13366","449","4","69938","11205","1455"
"Mordialloc (South-Eastern Metropolitan)","VIC","22624","43211","25.7","5805","300","9","29309","11156","2746"
"Morialta","SA","14211","54686","55.8","7934","532","1","42128","12359","199"
"Morley (East Metropolitan)","WA","17895","30214","33.7","6029","73","0","27469","2745","0"
"Mornington (Eastern Victoria)","VIC","27090","51040","30.1","8167","370","0","42358","8682","0"
"Morphett","SA","15292","41265","43.1","6592","288","3","33203","7208","854"
"Morwell (Eastern Victoria)","VIC","29137","61991","31.1","9050","466","10","43911","14657","3423"
"Mount Druitt","NSW","29439","81916","38.1","11230","455","10","61051","17744","3121"
"Mount Gambier","SA","15515","37816","32.1","4985","338","3","26829","9786","1201"
"Mount Lawley (East Metropolitan)","WA","16343","29871","33.5","5468","92","2","27107","2422","342"
"Mount Ommaney","QLD","18451","72837","58.4","10772","497","4","54024","17555","1258"
"Mount Waverley (Eastern Metropolitan)","VIC","21096","35989","29.9","6302","153","2","31569","3955","465"
"Mudgeeraba","QLD","20183","81672","57.7","11650","545","4","62259","11888","7525"
"Mulgoa","NSW","29192","130294","41.5","12101","926","44","73549","25340","31405"
"Mulgrave","QLD","20568","72881","48.5","9973","430","5","60121","11611","1149"
"Mulgrave (South-Eastern Metropolitan)","VIC","22776","40945","26.8","6100","239","8","30046","8942","1957"
"Mundingburra","QLD","19128","216285","49.0","9381","391","8","50897","11825","153563"
"Murray","NSW","37343","1632401","38.9","14515","2060","45","84210","57302","1490889"
"Murray Plains (Northern Victoria)","VIC","30732","231436","38.8","11931","1129","19","61091","34974","135371"
"Murray-Wellington (South West)","WA","19714","61524","57.8","11391","226","6","52528","6731","2265"
"Murrumba","QLD","26418","66865","44.8","11843","219","3","60633","5442","790"
"Murrumbidgee","ACT","33167","104491","36.6","12145","649","5","76778","13743","13970"
"Myall Lakes","NSW","34872","90770","43.8","15276","483","4","76748","12956","1066"
"Namatjira","NT","4148","7778","7.9","329","50","10","1948","1646","4184"
"Nanango","QLD","27098","89251","53.9","14617","644","2","72569","16173","509"
"Narracan (Eastern Victoria)","VIC","34916","78205","33.5","11706","572","8","57634","17253","3318"
"Narre Warren North (South-Eastern Metropolitan)","VIC","23886","60532","39.5","9444","317","5","47370","9468","3694"
"Narre Warren South (South-Eastern Metropolitan)","VIC","27575","57216","39.3","10849","147","0","52967","4249","0"
"Narungga","SA","24823","109487","52.3","12978","510","13","62714","13510","33263"
"Nedlands (North Metropolitan)","WA","13218","32281","36.7","4845","199","6","25598","5515","1168"
"Nelson","NT","3716","23697","33.8","1255","97","3","8429","3905","11363"
"Nepean (Eastern Victoria)","VIC","51663","73515","21.6","11143","596","4","58495","14066","954"
"Newcastle","NSW","28851","53497","27.2","7842","426","1","40708","12486","303"
"Newland","SA","14618","46052","56.7","8286","234","1","39014","5520","1518"
"Newtown","NSW","18658","18474","12.3","2291","184","5","10556","5982","1936"
"Nhulunbuy","NT","2308","3812","5.7","131","31","3","868","1237","1707"
"Nicklin","QLD","20306","79650","64.1","13018","596","3","65194","13800","656"
"Niddrie (Western Metropolitan)","VIC","24985","28503","18.0","4493","219","1","21922","6095","486"
"Nightcliff","NT","1646","4450","37.8","622","17","0","3623","827","0"
"Ninderry","QLD","21774","94530","58.0","12620","612","2","65423","13849","15258"
"Noosa","QLD","23084","83092","56.2","12982","691","2","66631","16030","431"
"North Shore","NSW","11169","16370","17.0","1897","174","2","11511","4449","410"
"North West Central (Mining and Pastoral)","WA","13653","129889","9.7","1318","336","23","7712","9487","112690"
"Northcote (Northern Metropolitan)","VIC","23042","29718","23.3","5364","164","0","24221","5497","0"
"Northern Tablelands","NSW","37961","888225","39.9","15135","1013","14","76348","25083","786794"
"Nudgee","QLD","18189","56461","45.3","8234","374","7","42003","11208","3250"
"Oakleigh (Southern Metropolitan)","VIC","22867","30363","18.4","4212","170","7","20386","5603","4374"
"Oatley","NSW","23063","40515","25.0","5771","290","2","32677","7286","552"
"Oodgeroo","QLD","18827","62697","59.2","11141","364","2","54113","7832","752"
"Orange","NSW","34750","427892","37.9","13179","924","19","75195","24418","328279"
"Ovens Valley (Northern Victoria)","VIC","30991","106048","41.0","12701","784","10","65212","22164","18672"
"Oxley","NSW","34705","98421","48.6","16880","533","5","82618","14590","1213"
"Parramatta","NSW","23040","42996","22.5","5188","347","9","30223","10112","2661"
"Pascoe Vale (Northern Metropolitan)","VIC","32767","30553","16.5","5406","182","2","24466","5455","632"
"Penrith","NSW","29447","75575","33.4","9846","588","7","55800","17133","2642"
"Perth (North Metropolitan)","WA","12086","28835","30.4","3669","302","2","17664","10990","181"
"Pilbara (Mining and Pastoral)","WA","18835","150526","8.5","1603","280","11","9957","10362","130207"
"Pine Rivers","QLD","20767","88584","63.0","13088","789","3","67878","18354","2352"
"Pittwater","NSW","23742","45257","24.5","5807","387","0","35557","9700","0"
"Playford","SA","15526","61424","59.1","9174","323","10","43756","10765","6903"
"Polwarth (Western Victoria)","VIC","37302","75115","26.8","9980","755","4","51289","21785","2041"
"Port Adelaide","SA","15840","62178","50.2","7948","500","13","36957","17071","8150"
"Port Darwin","NT","572","6086","36.8","210","82","2","1324","4300","462"
"Port Macquarie","NSW","35502","104396","50.4","17897","475","5","88334","13434","2628"
"Port Stephens","NSW","36701","97917","41.0","15064","549","7","80899","14744","2274"
"Prahran (Southern Metropolitan)","VIC","11158","8787","11.3","1256","104","0","6042","2745","0"
"Preston (Northern Metropolitan)","VIC","30359","30049","17.2","5225","171","2","23311","6154","584"
"Prospect","NSW","27232","84161","31.1","8456","590","38","46313","22210","15638"
"Pumicestone","QLD","24733","88971","66.0","16336","431","4","77690","10037","1244"
"Ramsay","SA","16282","47175","51.1","8324","175","3","39241","5205","2729"
"Redcliffe","QLD","20447","57063","47.9","9804","365","1","48574","8269","220"
"Redlands","QLD","23402","77700","61.6","14423","308","2","70048","6772","880"
"Reynell","SA","16803","43343","48.1","8080","158","4","35941","4434","2968"
"Richmond (Northern Metropolitan)","VIC","19501","21596","14.0","2732","210","6","11455","6621","3520"
"Ringwood (Eastern Metropolitan)","VIC","26503","36970","22.0","5842","242","3","28614","7728","628"
"Ripon (Western Victoria)","VIC","33138","98596","35.7","11835","551","13","58026","16819","23751"
"Riverstone","NSW","46017","167838","48.8","22472","819","5","148733","18292","813"
"Riverton (South Metropolitan)","WA","14274","44647","62.4","8914","127","1","40100","4367","180"
"Rockdale","NSW","19573","27923","19.3","3783","215","2","21822","5769","332"
"Rockhampton","QLD","21807","59949","42.1","9178","394","8","45299","11582","3068"
"Rockingham (South Metropolitan)","WA","17150","42493","52.9","9076","127","2","36389","3940","2164"
"Roe (Agricultural)","WA","20321","34136","23.7","4824","263","4","22582","6488","5066"
"Rowville (South-Eastern Metropolitan)","VIC","20233","47173","35.3","7135","216","9","34043","7975","5155"
"Ryde","NSW","22327","39661","23.6","5271","274","6","29488","8735","1438"
"Sanderson","NT","2900","7099","35.6","1032","23","0","6002","1097","0"
"Sandgate","QLD","21187","56849","51.6","10941","170","3","50836","4389","1624"
"Sandringham (Southern Metropolitan)","VIC","24293","32548","20.1","4885","201","2","26698","5398","452"
"Scarborough (North Metropolitan)","WA","19334","33657","33.4","6459","79","3","31063","2171","423"
"Scenic Rim","QLD","24334","94431","58.4","14205","850","1","74435","19801","195"
"Schubert","SA","16111","80984","62.2","10027","681","17","53089","18147","9748"
"Seven Hills","NSW","27556","63613","32.6","8974","366","12","49197","10637","3779"
"Shellharbour","NSW","34629","81056","36.7","12725","286","6","70684","7772","2600"
"Shepparton (Northern Victoria)","VIC","32348","362810","38.0","12300","870","36","61201","27102","274507"
"South Barwon (Western Victoria)","VIC","42408","78468","27.3","11562","325","6","59980","9037","9451"
"South Brisbane","QLD","7784","26298","41.9","3259","288","4","16471","8854","973"
"South Coast","NSW","44475","96548","35.0","15553","464","1","83838","12206","504"
"South Perth (South Metropolitan)","WA","17298","30219","32.0","5536","93","1","27485","2541","193"
"South-West Coast (Western Victoria)","VIC","31194","49504","23.2","7230","395","3","35582","13223","699"
"Southern Downs","QLD","24501","156351","42.6","10442","809","8","52579","21976","81796"
"Southern River (South Metropolitan)","WA","17872","53940","60.6","10823","138","2","48679","4845","416"
"Southport","QLD","16988","54921","45.3","7687","491","6","39552","13749","1620"
"Spillett","NT","4386","24807","38.6","1694","99","6","10458","4389","9960"
"Springwood","QLD","20773","76916","58.3","12114","410","4","61609","9594","5713"
"St Albans (Western Metropolitan)","VIC","27212","37616","23.7","6458","181","3","28952","7069","1595"
"Stafford","QLD","18074","47467","40.3","7281","295","6","38367","7349","1751"
"Strathfield","NSW","18511","38336","21.4","3961","325","8","22864","9452","6020"
"Stretton","QLD","20493","65137","58.7","12036","287","4","56028","6665","2444"
"Stuart (NT)","NT","2448","3785","4.9","121","42","6","718","1483","1584"
"Stuart (SA)","SA","18085","340162","48.7","8803","532","18","42788","14498","282876"
"Summer Hill","NSW","16312","26820","21.3","3473","225","3","18524","7312","984"
"Sunbury (Western Metropolitan)","VIC","27099","67466","29.3","7931","376","4","41023","11923","14520"
"Surfers Paradise","QLD","10443","36063","47.9","5002","375","0","27695","8368","0"
"Swan Hills (East Metropolitan)","WA","23670","85067","64.1","15167","193","4","75940","4528","4599"
"Swansea","NSW","33114","79746","38.3","12694","354","1","70837","8621","288"
"Sydenham (Western Metropolitan)","VIC","25209","54893","36.3","9147","136","5","47599","3781","3513"
"Sydney","NSW","9980","10915","6.2","621","145","9","3022","5056","2837"
"Tamworth","NSW","36367","251672","35.5","12924","798","14","70909","21635","159128"
"Tarneit (Western Metropolitan)","VIC","52567","161533","41.2","21663","653","28","120201","31589","9743"
"Taylor","SA","19259","93502","57.8","11124","813","12","62185","23738","7579"
"Terrigal","NSW","30930","66729","32.2","9963","379","3","57150","8863","716"
"The Entrance","NSW","29926","66081","31.0","9277","385","4","52596","10825","2660"
"Theodore","QLD","25664","99772","53.8","13801","782","3","80285","16209","3278"
"Thomastown (Northern Metropolitan)","VIC","31022","62152","26.7","8270","408","8","43720","13586","4846"
"Thornlie (East Metropolitan)","WA","19396","50288","54.5","10568","165","0","45203","5085","0"
"Thuringowa","QLD","20641","225376","60.4","12462","328","6","66459","7437","151480"
"Toohey","QLD","20527","71680","51.6","10597","618","8","49863","18421","3396"
"Toowoomba North","QLD","23166","57877","37.2","8628","421","5","43837","11930","2110"
"Toowoomba South","QLD","24765","54860","32.5","8051","380","6","39877","12004","2979"
"Torrens","SA","16151","50052","50.9","8228","307","2","41595","7937","520"
"Townsville","QLD","20761","66546","40.5","8415","539","16","45993","15545","5008"
"Traeger","QLD","22445","263381","26.1","5864","636","11","33240","17216","212925"
"Tweed","NSW","32281","117401","62.0","20017","559","4","102067","14140","1194"
"Unclassified (OT)","OT","1947","4871","45.6","888","50","0","3668","1203","0"
"Unley","SA","12830","48598","49.5","6346","585","2","34893","13331","374"
"Upper Hunter","NSW","36432","111757","37.7","13725","1035","8","82144","25655","3958"
"Vasse (South West)","WA","24705","59334","40.9","10093","341","1","48599","10593","142"
"Vaucluse","NSW","12197","19461","18.6","2265","241","0","14598","4863","0"
"Victoria Park (South Metropolitan)","WA","21104","36700","30.1","6359","179","3","29321","6443","936"
"Wagga Wagga","NSW","32945","251089","37.6","12391","664","9","65916","18072","167101"
"Waite","SA","13750","51915","58.5","8047","406","2","43780","7835","300"
"Wakehurst","NSW","20936","46097","30.3","6343","275","3","38146","7389","562"
"Wallsend","NSW","35879","84109","32.5","11674","366","11","62826","10600","10683"
"Wanguri","NT","2846","7694","36.4","1035","25","2","6023","1201","470"
"Wanneroo (North Metropolitan)","WA","18821","70380","63.8","12013","305","7","57847","10292","2241"
"Warnbro (South Metropolitan)","WA","18702","58602","63.8","11929","77","3","54820","2091","1691"
"Warrandyte (Eastern Metropolitan)","VIC","21837","37447","26.2","5716","254","4","30336","5706","1405"
"Warrego","QLD","21386","206290","36.8","7869","857","7","40282","23963","142045"
"Warren-Blackwood (South West)","WA","22824","41790","30.2","6890","324","2","32324","9167","299"
"Waterford","QLD","23852","78802","51.7","12330","518","5","61860","14870","2072"
"Wendouree (Western Victoria)","VIC","27780","45332","22.0","6104","333","7","30988","11809","2535"
"Werribee (Western Metropolitan)","VIC","37810","85646","36.4","13779","231","9","74674","8266","2706"
"West Swan (East Metropolitan)","WA","20059","69230","61.2","12270","212","6","61109","6729","1392"
"West Torrens","SA","14867","48735","41.0","6094","511","6","31231","14360","3144"
"Whitsunday","QLD","21752","81013","48.7","10601","600","5","62660","16772","1581"
"Willagee (South Metropolitan)","WA","16151","41564","45.4","7333","189","8","33225","6704","1635"
"Williamstown (Western Metropolitan)","VIC","29573","39031","19.4","5724","273","8","26458","10107","2466"
"Willoughby","NSW","18620","35091","24.2","4510","299","3","26968","7411","712"
"Wollondilly","NSW","34778","109956","39.4","13699","965","6","85020","22277","2659"
"Wollongong","NSW","26013","57694","28.8","7503","380","10","41623","13324","2747"
"Woodridge","QLD","25143","68602","44.3","11131","352","8","52566","14253","1783"
"Wright","SA","14843","47108","57.8","8585","220","3","39891","6108","1109"
"Wyong","NSW","32178","83216","37.3","11997","382","9","64835","10281","8100"
"Yan Yean (Northern Victoria)","VIC","38719","81901","33.7","13054","373","1","73305","8222","374"
"Yerrabi","ACT","38127","107328","34.9","13320","691","6","88275","16879","2174"
"Yuroke (Northern Metropolitan)","VIC","48790","118554","35.4","17279","451","6","104694","10774","3086"
